s,kW,kW,kW,kW,kW,kW,kW,kW,kW,kg/s,kg/s,kg/s
Time,HRR,Q_RADI,Q_CONV,Q_COND,Q_DIFF,Q_PRES,Q_PART,Q_ENTH,Q_TOTAL,MLR_AIR,MLR_CELLULOSE,MLR_PRODUCTS
 0.0000000E+000, 0.0000000E+000,-1.2050409E+000, 0.0000000E+000, 0.0000000E+000, 0.0000000E+000, 0.0000000E+000, 0.0000000E+000, 0.0000000E+000,-1.2050409E+000, 0.0000000E+000, 0.0000000E+000, 0.0000000E+000
 5.6673670E-001, 0.0000000E+000,-1.6688002E-002,-8.0674758E-002, 0.0000000E+000, 0.0000000E+000, 0.0000000E+000, 0.0000000E+000, 0.0000000E+000,-9.7362760E-002, 0.0000000E+000, 0.0000000E+000, 0.0000000E+000
 1.1334734E+000, 9.0419669E+002,-1.6670942E-002, 1.5409032E+001, 6.0266272E-006, 8.1058940E-002, 0.0000000E+000, 0.0000000E+000,-1.4607077E-002, 9.1967011E+002, 0.0000000E+000, 1.6540695E-001, 0.0000000E+000
 1.7002101E+000, 1.7107054E+003,-3.9173030E+002,-9.8601949E+001,-5.9513075E-001, 4.9107978E-001, 0.0000000E+000, 0.0000000E+000, 8.3290970E+002, 1.2202691E+003, 0.0000000E+000, 1.6540695E-001, 0.0000000E+000
 2.2669468E+000, 2.1063751E+003,-2.8581243E+003, 6.7007064E+002,-1.5687837E+000, 5.6904314E-001, 0.0000000E+000, 0.0000000E+000, 1.2579844E+003,-8.2678301E+001, 0.0000000E+000, 1.6540695E-001, 0.0000000E+000
 2.5371761E+000, 2.9882258E+003,-6.0737080E+002,-3.1688673E+002,-3.2959987E+001, 6.3535962E-001, 0.0000000E+000, 0.0000000E+000,-5.7346705E+002, 2.0316436E+003, 0.0000000E+000, 1.6540695E-001, 0.0000000E+000
 2.8344283E+000, 2.5031429E+003,-1.5710369E+003,-2.0524160E+002,-8.9281552E+001, 6.4072791E-001, 0.0000000E+000, 0.0000000E+000, 1.9640746E+003, 6.3822362E+002, 0.0000000E+000, 1.6540695E-001, 0.0000000E+000
 3.1316807E+000, 2.4643475E+003,-6.3506730E+002,-3.2505913E+002,-7.8767918E+001, 6.5559613E-001, 0.0000000E+000, 0.0000000E+000, 5.7513075E+002, 1.4261087E+003, 0.0000000E+000, 1.6540695E-001, 0.0000000E+000
 3.3602912E+000, 2.4803300E+003,-8.1560524E+002,-5.4035801E+002,-2.0538892E+002, 6.5212980E-001, 0.0000000E+000, 0.0000000E+000, 1.2671465E+003, 9.1962999E+002, 0.0000000E+000, 1.6540695E-001, 0.0000000E+000
 3.5889018E+000, 2.3923557E+003,-6.0550720E+002,-5.2875158E+002,-2.1062458E+002, 6.5191071E-001, 0.0000000E+000, 0.0000000E+000, 1.0138158E+003, 1.0481243E+003, 0.0000000E+000, 1.6540695E-001, 0.0000000E+000
 3.8175123E+000, 2.3190409E+003,-5.4204962E+002,-6.6807317E+002,-3.6543520E+002, 6.5292703E-001, 0.0000000E+000, 0.0000000E+000, 1.0556119E+003, 7.4413581E+002, 0.0000000E+000, 1.6540695E-001, 0.0000000E+000
 4.0057712E+000, 2.3594000E+003,-6.9450612E+002,-7.5858030E+002,-3.5184186E+002, 6.4997712E-001, 0.0000000E+000, 0.0000000E+000, 8.4037205E+002, 5.5512170E+002, 0.0000000E+000, 1.6540695E-001, 0.0000000E+000
 4.1940303E+000, 2.3162379E+003,-5.3376692E+002,-7.4717244E+002,-3.3513903E+002, 6.4744968E-001, 0.0000000E+000, 0.0000000E+000, 6.0005621E+002, 7.0080693E+002, 0.0000000E+000, 1.6540695E-001, 0.0000000E+000
 4.3822894E+000, 2.3106859E+003,-5.2051673E+002,-9.1138864E+002,-2.0562395E+002, 6.4319055E-001, 0.0000000E+000, 0.0000000E+000, 7.9919894E+002, 6.7379977E+002, 0.0000000E+000, 1.6540695E-001, 0.0000000E+000
 4.5441060E+000, 2.3201760E+003,-4.0172173E+002,-9.3999135E+002,-2.0410624E+002, 6.4283506E-001, 0.0000000E+000, 0.0000000E+000, 6.6456226E+002, 7.7499949E+002, 0.0000000E+000, 1.6540695E-001, 0.0000000E+000
 4.7059226E+000, 2.3110220E+003,-3.0062795E+002,-1.0151076E+003,-1.1153979E+002, 6.3971172E-001, 0.0000000E+000, 0.0000000E+000, 8.1437436E+002, 8.8438641E+002, 0.0000000E+000, 1.6540695E-001, 0.0000000E+000
 4.8677397E+000, 2.3053299E+003,-4.1708958E+002,-1.0457402E+003,-1.0805804E+002, 6.3857541E-001, 0.0000000E+000, 0.0000000E+000, 9.5317001E+002, 7.3508063E+002, 0.0000000E+000, 1.6540695E-001, 0.0000000E+000
 5.0295563E+000, 2.3038801E+003,-6.6382992E+002,-1.0746838E+003,-1.1625413E+002, 6.3853962E-001, 0.0000000E+000, 0.0000000E+000, 7.2147656E+002, 4.4975077E+002, 0.0000000E+000, 1.6540695E-001, 0.0000000E+000
 5.1913733E+000, 2.3091749E+003,-5.7626609E+002,-1.0077242E+003,-1.1420272E+002, 6.3872988E-001, 0.0000000E+000, 0.0000000E+000, 4.8734465E+002, 6.1162061E+002, 0.0000000E+000, 1.6540695E-001, 0.0000000E+000
 5.3357410E+000, 2.3487080E+003,-5.7748798E+002,-1.0326796E+003,-1.1296103E+002, 6.3861675E-001, 0.0000000E+000, 0.0000000E+000, 5.6850070E+002, 6.2621801E+002, 0.0000000E+000, 1.6540695E-001, 0.0000000E+000
 5.4801092E+000, 2.3487540E+003,-6.1247691E+002,-1.0285287E+003,-1.2317092E+002, 6.3855587E-001, 0.0000000E+000, 0.0000000E+000, 5.9405034E+002, 5.8521597E+002, 0.0000000E+000, 1.6540695E-001, 0.0000000E+000
 5.6244774E+000, 2.3545592E+003,-6.7268550E+002,-1.0767319E+003,-1.2283796E+002, 6.3861177E-001, 0.0000000E+000, 0.0000000E+000, 6.2959055E+002, 4.8294249E+002, 0.0000000E+000, 1.6540695E-001, 0.0000000E+000
 5.7688451E+000, 2.3522754E+003,-6.5315058E+002,-1.1037417E+003,-1.3211409E+002, 6.4038244E-001, 0.0000000E+000, 0.0000000E+000, 4.6707334E+002, 4.6390941E+002, 0.0000000E+000, 1.6540695E-001, 0.0000000E+000
 5.9132133E+000, 2.3545414E+003,-6.2014218E+002,-1.0865447E+003,-1.3213737E+002, 6.4010683E-001, 0.0000000E+000, 0.0000000E+000, 4.9556560E+002, 5.1635723E+002, 0.0000000E+000, 1.6540695E-001, 0.0000000E+000
 6.0575809E+000, 2.3595401E+003,-5.8258859E+002,-1.0955528E+003,-1.3286213E+002, 6.3950049E-001, 0.0000000E+000, 0.0000000E+000, 6.0433415E+002, 5.4917604E+002, 0.0000000E+000, 1.6540695E-001, 0.0000000E+000
 6.2019491E+000, 2.3656403E+003,-5.7313940E+002,-1.1075315E+003,-1.4131900E+002, 6.3932082E-001, 0.0000000E+000, 0.0000000E+000, 5.7093605E+002, 5.4428970E+002, 0.0000000E+000, 1.6540695E-001, 0.0000000E+000
 6.3463168E+000, 2.3726907E+003,-5.7110080E+002,-1.0939826E+003,-6.0278758E+001, 6.4027950E-001, 0.0000000E+000, 0.0000000E+000, 6.1178575E+002, 6.4796880E+002, 0.0000000E+000, 1.6540695E-001, 0.0000000E+000
 6.5051217E+000, 2.3559546E+003,-5.5449753E+002,-1.1032768E+003,-6.6083678E+001, 6.4068995E-001, 0.0000000E+000, 0.0000000E+000, 6.6802824E+002, 6.3273729E+002, 0.0000000E+000, 1.6540695E-001, 0.0000000E+000
 6.6639266E+000, 2.3729101E+003,-5.4519499E+002,-1.1627493E+003,-6.7022940E+001, 6.4089014E-001, 0.0000000E+000, 0.0000000E+000, 6.1979842E+002, 5.9858378E+002, 0.0000000E+000, 1.6540695E-001, 0.0000000E+000
 6.8227310E+000, 2.3837386E+003,-5.5115281E+002,-1.1651678E+003,-6.8524631E+001, 6.4092228E-001, 0.0000000E+000, 0.0000000E+000, 6.4502989E+002, 5.9953422E+002, 0.0000000E+000, 1.6540695E-001, 0.0000000E+000
 6.9815359E+000, 2.3890402E+003,-5.2295784E+002,-1.2245507E+003,-7.4853705E+001, 6.4087009E-001, 0.0000000E+000, 0.0000000E+000, 5.9171267E+002, 5.6731889E+002, 0.0000000E+000, 1.6540695E-001, 0.0000000E+000
 7.1403408E+000, 2.3877241E+003,-5.2577364E+002,-1.2069880E+003,-7.6965794E+001, 6.4071910E-001, 0.0000000E+000, 0.0000000E+000, 6.1737045E+002, 5.7863737E+002, 0.0000000E+000, 1.6540695E-001, 0.0000000E+000
 7.3150258E+000, 2.3509416E+003,-5.2898507E+002,-1.2751668E+003,-8.2819592E+001, 6.4049758E-001, 0.0000000E+000, 0.0000000E+000, 6.3380635E+002, 4.6461059E+002, 0.0000000E+000, 1.6540695E-001, 0.0000000E+000
 7.4897113E+000, 2.3544325E+003,-5.2286265E+002,-1.2902895E+003,-8.5481958E+001, 6.4042671E-001, 0.0000000E+000, 0.0000000E+000, 5.2286450E+002, 4.5643887E+002, 0.0000000E+000, 1.6540695E-001, 0.0000000E+000
 7.6643963E+000, 2.3533093E+003,-5.2050754E+002,-1.2812343E+003,-1.5591550E+002, 6.4034118E-001, 0.0000000E+000, 0.0000000E+000, 4.8206505E+002, 3.9629225E+002, 0.0000000E+000, 1.6540695E-001, 0.0000000E+000
 7.8390818E+000, 2.3421405E+003,-5.1926815E+002,-1.3425707E+003,-9.3399469E+001, 6.4016038E-001, 0.0000000E+000, 0.0000000E+000, 5.0042164E+002, 3.8754238E+002, 0.0000000E+000, 1.6540695E-001, 0.0000000E+000
 8.0137672E+000, 2.3301832E+003,-5.2718732E+002,-1.3355077E+003,-9.6029105E+001, 6.3996947E-001, 0.0000000E+000, 0.0000000E+000, 4.3224315E+002, 3.7209903E+002, 0.0000000E+000, 1.6540695E-001, 0.0000000E+000
 8.1884518E+000, 2.3203314E+003,-5.2511556E+002,-1.2720728E+003,-1.6429362E+002, 6.3985577E-001, 0.0000000E+000, 0.0000000E+000, 4.2770201E+002, 3.5948923E+002, 0.0000000E+000, 1.6540695E-001, 0.0000000E+000
 8.3631372E+000, 2.3108691E+003,-5.2039294E+002,-1.2850259E+003,-2.0839089E+002, 6.3975189E-001, 0.0000000E+000, 0.0000000E+000, 3.9714263E+002, 2.9769915E+002, 0.0000000E+000, 1.6540695E-001, 0.0000000E+000
 8.5378227E+000, 2.3026120E+003,-5.2483118E+002,-1.3189598E+003,-1.0582061E+002, 6.3915307E-001, 0.0000000E+000, 0.0000000E+000, 4.1129642E+002, 3.5363958E+002, 0.0000000E+000, 1.6540695E-001, 0.0000000E+000
 8.7125082E+000, 2.2940593E+003,-5.2575545E+002,-1.2819662E+003,-1.0831204E+002, 6.3901484E-001, 0.0000000E+000, 0.0000000E+000, 4.4196823E+002, 3.7866457E+002, 0.0000000E+000, 1.6540695E-001, 0.0000000E+000
 8.8871927E+000, 2.2857805E+003,-5.2518194E+002,-1.2990655E+003,-1.1283271E+002, 6.3898066E-001, 0.0000000E+000, 0.0000000E+000, 4.4945122E+002, 3.4933936E+002, 0.0000000E+000, 1.6540695E-001, 0.0000000E+000
 9.0618782E+000, 2.2794200E+003,-5.2686404E+002,-1.2594856E+003,-1.1533966E+002, 6.3890638E-001, 0.0000000E+000, 0.0000000E+000, 4.4690878E+002, 3.7836966E+002, 0.0000000E+000, 1.6540695E-001, 0.0000000E+000
 9.2365637E+000, 2.2761016E+003,-5.2730935E+002,-1.2099452E+003,-1.1775039E+002, 6.3876530E-001, 0.0000000E+000, 0.0000000E+000, 4.5059166E+002, 4.2173538E+002, 0.0000000E+000, 1.6540695E-001, 0.0000000E+000
 9.4112492E+000, 2.2748416E+003,-5.2792229E+002,-1.1833401E+003,-1.6197080E+002, 6.3855957E-001, 0.0000000E+000, 0.0000000E+000, 4.7578758E+002, 4.0224695E+002, 0.0000000E+000, 1.6540695E-001, 0.0000000E+000
 9.5859337E+000, 2.2751977E+003,-5.3028630E+002,-1.1861643E+003,-1.2496087E+002, 6.3835084E-001, 0.0000000E+000, 0.0000000E+000, 5.0629298E+002, 4.3442459E+002, 0.0000000E+000, 1.6540695E-001, 0.0000000E+000
 9.7606192E+000, 2.2767606E+003,-5.3139717E+002,-1.1433609E+003,-1.5932440E+002, 6.3817475E-001, 0.0000000E+000, 0.0000000E+000, 5.0845931E+002, 4.4331630E+002, 0.0000000E+000, 1.6540695E-001, 0.0000000E+000
 9.9353046E+000, 2.2792015E+003,-5.3210376E+002,-1.1650159E+003,-1.3248615E+002, 6.3801200E-001, 0.0000000E+000, 0.0000000E+000, 5.1589968E+002, 4.5023363E+002, 0.0000000E+000, 1.6540695E-001, 0.0000000E+000
 1.0109990E+001, 2.2640989E+003,-5.3338889E+002,-1.1265418E+003,-1.3524476E+002, 6.0551244E-001, 0.0000000E+000, 0.0000000E+000, 5.3313373E+002, 4.6952899E+002, 0.0000000E+000, 1.5640881E-001, 0.0000000E+000
 1.0284675E+001, 2.2088322E+003,-5.2651572E+002,-1.1047256E+003,-1.4011407E+002, 5.5257415E-001, 0.0000000E+000, 0.0000000E+000, 5.5092311E+002, 4.3802939E+002, 0.0000000E+000, 1.4181992E-001, 0.0000000E+000
 1.0459360E+001, 2.1167471E+003,-5.0213986E+002,-1.0908098E+003,-1.4303657E+002, 5.0020612E-001, 0.0000000E+000, 0.0000000E+000, 4.9784606E+002, 3.8126110E+002, 0.0000000E+000, 1.2752876E-001, 0.0000000E+000
 1.0634046E+001, 1.9989447E+003,-4.6780133E+002,-1.0645082E+003,-1.4592847E+002, 4.4601608E-001, 0.0000000E+000, 0.0000000E+000, 4.4531959E+002, 3.2115266E+002, 0.0000000E+000, 1.1293986E-001, 0.0000000E+000
 1.0808730E+001, 1.8621193E+003,-4.1451168E+002,-1.0442718E+003,-1.5058425E+002, 3.9217348E-001, 0.0000000E+000, 0.0000000E+000, 3.9169275E+002, 2.5314373E+002, 0.0000000E+000, 9.8648703E-002, 0.0000000E+000
 1.0983416E+001, 1.7097689E+003,-3.5351217E+002,-1.0121473E+003,-1.5331237E+002, 3.3644056E-001, 0.0000000E+000, 0.0000000E+000, 3.3713253E+002, 1.9113344E+002, 0.0000000E+000, 8.4059810E-002, 0.0000000E+000
 1.1158101E+001, 1.5715442E+003,-3.1695632E+002,-9.3268934E+002,-1.8937348E+002, 3.3114507E-001, 0.0000000E+000, 0.0000000E+000, 2.7465821E+002, 1.3285618E+002, 0.0000000E+000, 8.2703473E-002, 0.0000000E+000
 1.1332787E+001, 1.4705216E+003,-1.1388847E+002,-9.6180203E+002,-1.6584842E+002, 3.3089864E-001, 0.0000000E+000, 0.0000000E+000, 2.2348258E+002, 2.2931358E+002, 0.0000000E+000, 8.2703473E-002, 0.0000000E+000
 1.1507471E+001, 1.3943696E+003,-1.0640668E+002,-9.1965850E+002,-1.6760661E+002, 3.3051385E-001, 0.0000000E+000, 0.0000000E+000, 3.2885466E+002, 2.0102835E+002, 0.0000000E+000, 8.2703473E-002, 0.0000000E+000
 1.1682157E+001, 1.3378065E+003,-1.4679171E+002,-8.7853462E+002,-1.6355424E+002, 3.3015557E-001, 0.0000000E+000, 0.0000000E+000, 3.0387068E+002, 1.4925604E+002, 0.0000000E+000, 8.2703473E-002, 0.0000000E+000
 1.1856842E+001, 1.2957983E+003,-1.4410003E+002,-8.5407641E+002,-1.5447252E+002, 3.2979421E-001, 0.0000000E+000, 0.0000000E+000, 2.3844661E+002, 1.4347914E+002, 0.0000000E+000, 8.2703473E-002, 0.0000000E+000
 1.2031528E+001, 1.2638362E+003,-1.3875570E+002,-8.7427300E+002,-1.5525156E+002, 3.2946365E-001, 0.0000000E+000, 0.0000000E+000, 2.2085401E+002, 9.5885392E+001, 0.0000000E+000, 8.2703473E-002, 0.0000000E+000
 1.2206212E+001, 1.2390724E+003,-1.8264123E+002,-9.1869535E+002,-1.6174282E+002, 3.2919669E-001, 0.0000000E+000, 0.0000000E+000, 1.9143489E+002,-2.3677803E+001, 0.0000000E+000, 8.2703473E-002, 0.0000000E+000
 1.2380898E+001, 1.2209582E+003,-1.8628327E+002,-1.1397730E+003,-5.8807378E+002, 3.2933508E-001, 0.0000000E+000, 0.0000000E+000,-1.7289337E+002,-6.9284253E+002, 0.0000000E+000, 8.2703473E-002, 0.0000000E+000
 1.2555583E+001, 1.2060567E+003,-1.8632955E+002,-1.2834914E+003,-3.6770675E+002, 3.2894818E-001, 0.0000000E+000, 0.0000000E+000,-4.3385085E+002,-6.3114208E+002, 0.0000000E+000, 8.2703473E-002, 0.0000000E+000
 1.2730268E+001, 1.1938932E+003,-2.3231110E+002,-1.4892197E+003,-2.5456459E+002, 3.2864065E-001, 0.0000000E+000, 0.0000000E+000,-5.1971344E+002,-7.8187353E+002, 0.0000000E+000, 8.2703473E-002, 0.0000000E+000
 1.2904953E+001, 1.1854757E+003,-2.3531789E+002,-1.5098279E+003,-2.3449671E+002, 3.2851137E-001, 0.0000000E+000, 0.0000000E+000,-6.7295877E+002,-7.9383833E+002, 0.0000000E+000, 8.2703473E-002, 0.0000000E+000
 1.3079638E+001, 1.1803568E+003,-2.3001500E+002,-1.5489743E+003,-2.1822543E+002, 3.2843720E-001, 0.0000000E+000, 0.0000000E+000,-6.9559682E+002,-8.1652947E+002, 0.0000000E+000, 8.2703473E-002, 0.0000000E+000
 1.3254324E+001, 1.1782463E+003,-2.6747864E+002,-1.5689827E+003,-1.5681915E+002, 3.2840791E-001, 0.0000000E+000, 0.0000000E+000,-7.1792484E+002,-8.1470575E+002, 0.0000000E+000, 8.2703473E-002, 0.0000000E+000
 1.3429009E+001, 1.1795708E+003,-2.6784504E+002,-1.4686975E+003,-1.5344813E+002, 3.2845599E-001, 0.0000000E+000, 0.0000000E+000,-7.5759578E+002,-7.1009141E+002, 0.0000000E+000, 8.2703473E-002, 0.0000000E+000
 1.3603694E+001, 1.1832749E+003,-2.6244249E+002,-1.3824498E+003,-1.5009052E+002, 3.2848749E-001, 0.0000000E+000, 0.0000000E+000,-6.6658888E+002,-6.1137934E+002, 0.0000000E+000, 8.2703473E-002, 0.0000000E+000
 1.3778379E+001, 1.1854900E+003,-2.8333552E+002,-1.3086721E+003,-1.4555237E+002, 3.2906712E-001, 0.0000000E+000, 0.0000000E+000,-5.7677994E+002,-5.5174085E+002, 0.0000000E+000, 8.2703473E-002, 0.0000000E+000
 1.3953065E+001, 1.1918988E+003,-2.8378570E+002,-1.2587148E+003,-1.4166705E+002, 3.2911316E-001, 0.0000000E+000, 0.0000000E+000,-4.8591579E+002,-4.9193964E+002, 0.0000000E+000, 8.2703473E-002, 0.0000000E+000
 1.4127750E+001, 1.1996381E+003,-2.8241340E+002,-1.2016035E+003,-1.3636983E+002, 3.2913917E-001, 0.0000000E+000, 0.0000000E+000,-3.9645531E+002,-4.2041949E+002, 0.0000000E+000, 8.2703473E-002, 0.0000000E+000
 1.4319903E+001, 1.1916837E+003,-2.8573154E+002,-1.1500791E+003,-1.3287708E+002, 3.2916777E-001, 0.0000000E+000, 0.0000000E+000,-3.2119879E+002,-3.7667490E+002, 0.0000000E+000, 8.2703473E-002, 0.0000000E+000
 1.4512057E+001, 1.2035128E+003,-2.7971811E+002,-1.0934242E+003,-1.2566398E+002, 3.2977769E-001, 0.0000000E+000, 0.0000000E+000,-2.8366131E+002,-2.9496368E+002, 0.0000000E+000, 8.2703473E-002, 0.0000000E+000
 1.4704211E+001, 1.2094470E+003,-2.7753959E+002,-1.0357768E+003,-1.1874280E+002, 3.2959792E-001, 0.0000000E+000, 0.0000000E+000,-2.1108488E+002,-2.2228253E+002, 0.0000000E+000, 8.2703473E-002, 0.0000000E+000
 1.4915581E+001, 1.2018683E+003,-2.8045197E+002,-9.7663098E+002,-1.0074024E+002, 3.2956106E-001, 0.0000000E+000, 0.0000000E+000,-1.2743317E+002,-1.5562537E+002, 0.0000000E+000, 8.2703473E-002, 0.0000000E+000
 1.5126949E+001, 1.2192120E+003,-2.7777259E+002,-9.4283285E+002,-8.5343584E+001, 3.2953002E-001, 0.0000000E+000, 0.0000000E+000,-7.4146460E+001,-8.6407494E+001, 0.0000000E+000, 8.2703473E-002, 0.0000000E+000
 1.5359455E+001, 1.1975175E+003,-2.7162456E+002,-8.9024109E+002,-1.2142272E+002, 3.3022002E-001, 0.0000000E+000, 0.0000000E+000,-5.0690766E+001,-8.5440701E+001, 0.0000000E+000, 8.2703473E-002, 0.0000000E+000
 1.5591962E+001, 1.2068098E+003,-2.6606534E+002,-8.7026197E+002,-7.7501793E+001, 3.2976272E-001, 0.0000000E+000, 0.0000000E+000,-1.3303417E+001,-6.6894937E+000, 0.0000000E+000, 8.2703473E-002, 0.0000000E+000
 1.5824468E+001, 1.2133959E+003,-2.6588172E+002,-8.3051403E+002,-7.4196767E+001, 3.2938733E-001, 0.0000000E+000, 0.0000000E+000, 4.4039828E+001, 4.3132819E+001, 0.0000000E+000, 8.2703473E-002, 0.0000000E+000
 1.6056974E+001, 1.2225629E+003,-2.6962280E+002,-7.9595534E+002,-7.8031495E+001, 3.2929935E-001, 0.0000000E+000, 0.0000000E+000, 9.5182054E+001, 7.9282552E+001, 0.0000000E+000, 8.2703473E-002, 0.0000000E+000
 1.6289480E+001, 1.2304401E+003,-2.7748852E+002,-7.6552137E+002,-7.1474301E+001, 3.2929100E-001, 0.0000000E+000, 0.0000000E+000, 1.3213593E+002, 1.1628523E+002, 0.0000000E+000, 8.2703473E-002, 0.0000000E+000
 1.6521986E+001, 1.2377453E+003,-2.8252455E+002,-7.4420614E+002,-6.6351473E+001, 3.2931798E-001, 0.0000000E+000, 0.0000000E+000, 1.6283737E+002, 1.4499251E+002, 0.0000000E+000, 8.2703473E-002, 0.0000000E+000
 1.6754492E+001, 1.2381166E+003,-2.8355419E+002,-7.4043304E+002,-8.0487506E+001, 3.2903107E-001, 0.0000000E+000, 0.0000000E+000, 1.7781444E+002, 1.3397088E+002, 0.0000000E+000, 8.2703473E-002, 0.0000000E+000
 1.6986998E+001, 1.2276468E+003,-2.7823764E+002,-7.2011710E+002,-1.1887814E+002, 3.2984649E-001, 0.0000000E+000, 0.0000000E+000, 1.5688917E+002, 1.1074380E+002, 0.0000000E+000, 8.2703473E-002, 0.0000000E+000
 1.7219503E+001, 1.1748609E+003,-2.7308620E+002,-7.2741364E+002,-8.6067432E+001, 2.5995696E-001, 0.0000000E+000, 0.0000000E+000, 1.6586944E+002, 8.8553604E+001, 0.0000000E+000, 6.4607953E-002, 0.0000000E+000
 1.7452009E+001, 1.0453063E+003,-2.5340467E+002,-7.0795566E+002,-8.3442227E+001, 1.8408362E-001, 0.0000000E+000, 0.0000000E+000, 1.3053271E+002, 6.8779398E-001, 0.0000000E+000, 4.5255340E-002, 0.0000000E+000
 1.7661011E+001, 9.0447894E+002,-2.1516748E+002,-6.9103044E+002,-7.9357925E+001, 1.1502747E-001, 0.0000000E+000, 0.0000000E+000, 4.0909730E+001,-8.0961876E+001, 0.0000000E+000, 2.7986855E-002, 0.0000000E+000
 1.7870012E+001, 7.0683801E+002,-4.5239710E+001,-7.0124651E+002,-1.0522092E+002, 4.4545031E-002, 0.0000000E+000, 0.0000000E+000,-5.0784420E+001,-1.4482457E+002, 0.0000000E+000, 1.0718370E-002, 0.0000000E+000
 1.8079014E+001, 5.0466837E+002,-6.2690435E+000,-7.0674512E+002,-7.5999718E+001, 0.0000000E+000, 0.0000000E+000, 0.0000000E+000,-9.4250609E+001,-2.8434551E+002, 0.0000000E+000, 0.0000000E+000, 0.0000000E+000
 1.8288013E+001, 3.4329197E+002, 1.5496400E+002,-7.1099707E+002,-7.5768827E+001,-1.7685471E-015, 0.0000000E+000, 0.0000000E+000,-2.4425219E+002,-2.8850993E+002, 0.0000000E+000, 0.0000000E+000, 0.0000000E+000
 1.8497015E+001, 2.3331167E+002, 1.4843180E+002,-7.1807197E+002,-5.7311443E+001, 0.0000000E+000, 0.0000000E+000, 0.0000000E+000,-2.4521544E+002,-3.9363994E+002, 0.0000000E+000, 0.0000000E+000, 0.0000000E+000
 1.8706017E+001, 1.5862141E+002, 1.4237896E+002,-7.1738832E+002,-5.5817323E+001,-3.3921888E-020, 0.0000000E+000, 0.0000000E+000,-3.5662577E+002,-4.7220528E+002, 0.0000000E+000, 0.0000000E+000, 0.0000000E+000
 1.8915016E+001, 1.0781520E+002, 1.0325074E+002,-6.8557033E+002,-5.3689109E+001,-7.3952769E-016, 0.0000000E+000, 0.0000000E+000,-4.2995367E+002,-5.2819350E+002, 0.0000000E+000, 0.0000000E+000, 0.0000000E+000
 1.9124018E+001, 7.3259404E+001, 1.0011783E+002,-6.7902337E+002,-5.9539648E+001, 0.0000000E+000, 0.0000000E+000, 0.0000000E+000,-4.9396966E+002,-5.6518579E+002, 0.0000000E+000, 0.0000000E+000, 0.0000000E+000
 1.9333019E+001, 4.9750888E+001, 9.7553687E+001,-6.8045940E+002,-5.6501022E+001,-6.4838726E-016, 0.0000000E+000, 0.0000000E+000,-5.4007982E+002,-5.8965585E+002, 0.0000000E+000, 0.0000000E+000, 0.0000000E+000
 1.9542021E+001, 3.3770103E+001, 6.4524882E+001,-6.8295710E+002,-5.3338615E+001,-6.0679489E-016, 0.0000000E+000, 0.0000000E+000,-5.6685951E+002,-6.3800073E+002, 0.0000000E+000, 0.0000000E+000, 0.0000000E+000
 1.9751020E+001, 2.2923410E+001, 6.4584346E+001,-6.8259490E+002,-5.0202078E+001,-1.1399167E-015, 0.0000000E+000, 0.0000000E+000,-6.1377225E+002,-6.4528922E+002, 0.0000000E+000, 0.0000000E+000, 0.0000000E+000
 1.9960022E+001, 1.5546342E+001, 6.4206903E+001,-6.8792851E+002,-4.0994771E+001, 5.3554806E-016, 0.0000000E+000, 0.0000000E+000,-6.1613885E+002,-6.4917003E+002, 0.0000000E+000, 0.0000000E+000, 0.0000000E+000
 2.0169024E+001, 1.0396386E+001, 2.7086965E+001,-7.6514886E+002,-1.5061514E+002,-5.0533803E-016, 0.0000000E+000, 0.0000000E+000,-7.1143952E+002,-8.7828064E+002, 0.0000000E+000, 0.0000000E+000, 0.0000000E+000
 2.0378025E+001, 6.8870764E+000, 2.7367958E+001,-8.3258054E+002,-1.0107344E+002,-4.7839645E-016, 0.0000000E+000, 0.0000000E+000,-8.3706988E+002,-8.9939895E+002, 0.0000000E+000, 0.0000000E+000, 0.0000000E+000
 2.0587025E+001, 4.4514849E+000, 2.7700534E+001,-8.5893900E+002,-8.3790117E+001,-9.0762549E-016, 0.0000000E+000, 0.0000000E+000,-8.7677538E+002,-9.1057710E+002, 0.0000000E+000, 0.0000000E+000, 0.0000000E+000
 2.0796026E+001, 2.8312160E+000,-1.5320787E+000,-8.1972627E+002,-9.2792953E+001, 0.0000000E+000, 0.0000000E+000, 0.0000000E+000,-9.6028539E+002,-9.1122008E+002, 0.0000000E+000, 0.0000000E+000, 0.0000000E+000
 2.1005028E+001, 1.7992918E+000,-8.5462302E-001,-7.9823077E+002,-7.9238122E+001,-4.0968153E-016, 0.0000000E+000, 0.0000000E+000,-8.7620495E+002,-8.7652422E+002, 0.0000000E+000, 0.0000000E+000, 0.0000000E+000
 2.1214029E+001, 1.1394701E+000,-1.4981658E-001,-6.9923096E+002,-8.1978993E+001, 3.9013660E-016, 0.0000000E+000, 0.0000000E+000,-9.1053804E+002,-7.8022030E+002, 0.0000000E+000, 0.0000000E+000, 0.0000000E+000
 2.1423029E+001, 7.1732681E-001,-1.1699322E+000,-6.4827017E+002,-6.5964221E+001,-3.7218566E-016, 0.0000000E+000, 0.0000000E+000,-8.2900836E+002,-7.1468700E+002, 0.0000000E+000, 0.0000000E+000, 0.0000000E+000
 2.1632030E+001, 4.5248009E-001,-6.3110858E-001,-6.0653512E+002,-7.2016762E+001,-3.5564522E-016, 0.0000000E+000, 0.0000000E+000,-7.4869399E+002,-6.7873051E+002, 0.0000000E+000, 0.0000000E+000, 0.0000000E+000
 2.1841032E+001, 2.8632246E-001,-1.5921729E-001,-5.7465977E+002,-6.4197906E+001, 3.5827193E-024, 0.0000000E+000, 0.0000000E+000,-6.9211012E+002,-6.3873057E+002, 0.0000000E+000, 0.0000000E+000, 0.0000000E+000
 2.2070932E+001, 1.6855403E-001,-1.1113558E+000,-5.3258567E+002,-5.2743562E+001, 3.2478278E-016, 0.0000000E+000, 0.0000000E+000,-6.3230126E+002,-5.8627204E+002, 0.0000000E+000, 0.0000000E+000, 0.0000000E+000
 2.2300835E+001, 1.0248933E-001,-7.1651343E-001,-4.9424142E+002,-4.4572072E+001,-6.2147052E-016, 0.0000000E+000, 0.0000000E+000,-5.7088528E+002,-5.3942752E+002, 0.0000000E+000, 0.0000000E+000, 0.0000000E+000
 2.2553724E+001, 5.7534559E-002,-3.3889563E-001,-4.4987733E+002,-4.0163984E+001,-2.9647112E-016, 0.0000000E+000, 0.0000000E+000,-5.1719737E+002,-4.9032267E+002, 0.0000000E+000, 0.0000000E+000, 0.0000000E+000
 2.2806616E+001, 3.3401375E-002,-1.2491564E+000,-4.1002104E+002,-3.7093844E+001, 0.0000000E+000, 0.0000000E+000, 0.0000000E+000,-4.6521343E+002,-4.4833064E+002, 0.0000000E+000, 0.0000000E+000, 0.0000000E+000
 2.3084797E+001, 1.7701404E-002,-9.3032725E-001,-3.6951690E+002,-3.0629426E+001, 0.0000000E+000, 0.0000000E+000, 0.0000000E+000,-4.1926924E+002,-4.0105895E+002, 0.0000000E+000, 0.0000000E+000, 0.0000000E+000
 2.3362978E+001, 9.7991727E-003,-6.5383694E-001,-3.3411842E+002,-2.8429255E+001, 0.0000000E+000, 0.0000000E+000, 0.0000000E+000,-3.7414618E+002,-3.6319171E+002, 0.0000000E+000, 0.0000000E+000, 0.0000000E+000
 2.3668976E+001, 4.7978733E-003,-1.4642184E+000,-2.9991198E+002,-2.2756190E+001, 4.9431733E-016, 0.0000000E+000, 0.0000000E+000,-3.3366246E+002,-3.2412759E+002, 0.0000000E+000, 0.0000000E+000, 0.0000000E+000
 2.3974974E+001, 2.4574909E-003,-1.2284283E+000,-2.7058846E+002,-1.6804936E+001,-4.7298497E-016, 0.0000000E+000, 0.0000000E+000,-3.0070663E+002,-2.8861937E+002, 0.0000000E+000, 0.0000000E+000, 0.0000000E+000
 2.4311573E+001, 9.7585371E-004,-1.0009860E+000,-2.4325636E+002,-1.5609431E+001, 0.0000000E+000, 0.0000000E+000, 0.0000000E+000,-2.6955644E+002,-2.5986581E+002, 0.0000000E+000, 0.0000000E+000, 0.0000000E+000
 2.4681829E+001, 2.5673076E-004,-1.4410880E+000,-2.1788640E+002,-1.3441746E+001,-2.1498715E-016, 0.0000000E+000, 0.0000000E+000,-2.4227163E+002,-2.3276898E+002, 0.0000000E+000, 0.0000000E+000, 0.0000000E+000
 2.5052088E+001, 5.7443530E-005,-1.2431555E+000,-1.9658593E+002,-1.1326165E+001,-2.0529208E-016, 0.0000000E+000, 0.0000000E+000,-2.2027372E+002,-2.0915520E+002, 0.0000000E+000, 0.0000000E+000, 0.0000000E+000
 2.5422346E+001, 1.1754537E-005,-1.0649399E+000,-1.8034347E+002,-1.2026556E+001,-3.9274060E-016, 0.0000000E+000, 0.0000000E+000,-2.0227201E+002,-1.9343495E+002, 0.0000000E+000, 0.0000000E+000, 0.0000000E+000
 2.5829630E+001, 0.0000000E+000,-1.3087545E+000,-1.6571335E+002,-1.3125813E+001,-1.8752420E-016, 0.0000000E+000, 0.0000000E+000,-1.8635634E+002,-1.8014791E+002, 0.0000000E+000, 0.0000000E+000, 0.0000000E+000
 2.6236914E+001, 0.0000000E+000,-1.1440383E+000,-1.5378121E+002,-1.4615209E+001, 1.7923027E-016, 0.0000000E+000, 0.0000000E+000,-1.7437325E+002,-1.6954046E+002, 0.0000000E+000, 0.0000000E+000, 0.0000000E+000
 2.6644197E+001, 0.0000000E+000,-9.9299165E-001,-1.4315763E+002,-1.1435184E+001, 0.0000000E+000, 0.0000000E+000, 0.0000000E+000,-1.6194932E+002,-1.5558581E+002, 0.0000000E+000, 0.0000000E+000, 0.0000000E+000
 2.7092211E+001, 0.0000000E+000,-1.1750459E+000,-1.3247771E+002,-1.0662971E+001, 1.6384788E-016, 0.0000000E+000, 0.0000000E+000,-1.5034397E+002,-1.4431573E+002, 0.0000000E+000, 0.0000000E+000, 0.0000000E+000
 2.7540222E+001, 0.0000000E+000,-1.0350659E+000,-1.2286170E+002,-7.6489091E+000,-3.1338664E-016, 0.0000000E+000, 0.0000000E+000,-1.3890249E+002,-1.3154567E+002, 0.0000000E+000, 0.0000000E+000, 0.0000000E+000
 2.7988235E+001, 0.0000000E+000,-9.0754207E-001,-1.1399221E+002,-7.3693332E+000,-3.0014102E-016, 0.0000000E+000, 0.0000000E+000,-1.2779397E+002,-1.2226909E+002, 0.0000000E+000, 0.0000000E+000, 0.0000000E+000
 2.8436247E+001, 0.0000000E+000,-1.0755432E+000,-1.0590841E+002,-6.3599669E+000, 0.0000000E+000, 0.0000000E+000, 0.0000000E+000,-1.1881735E+002,-1.1334392E+002, 0.0000000E+000, 0.0000000E+000, 0.0000000E+000
 2.8929060E+001, 0.0000000E+000,-9.5607333E-001,-9.7950008E+001,-5.8262011E+000, 0.0000000E+000, 0.0000000E+000, 0.0000000E+000,-1.1039862E+002,-1.0473228E+002, 0.0000000E+000, 0.0000000E+000, 0.0000000E+000
 2.9421875E+001, 0.0000000E+000,-8.4624217E-001,-9.1099948E+001,-6.2371384E+000, 2.6493858E-016, 0.0000000E+000, 0.0000000E+000,-1.0232216E+002,-9.8183329E+001, 0.0000000E+000, 0.0000000E+000, 0.0000000E+000
 2.9914688E+001, 0.0000000E+000,-9.8934847E-001,-8.5136445E+001,-5.4142481E+000, 0.0000000E+000, 0.0000000E+000, 0.0000000E+000,-9.6021583E+001,-9.1540042E+001, 0.0000000E+000, 0.0000000E+000, 0.0000000E+000
 3.0456783E+001, 0.0000000E+000,-8.8393640E-001,-7.9718098E+001,-4.9950137E+000,-1.2378688E-016, 0.0000000E+000, 0.0000000E+000,-9.0289073E+001,-8.5597049E+001, 0.0000000E+000, 0.0000000E+000, 0.0000000E+000
 3.0998877E+001, 0.0000000E+000,-7.8569727E-001,-7.5348760E+001,-3.8372896E+000, 0.0000000E+000, 0.0000000E+000, 0.0000000E+000,-8.4671135E+001,-7.9971747E+001, 0.0000000E+000, 0.0000000E+000, 0.0000000E+000
 3.1540972E+001, 0.0000000E+000,-8.9691952E-001,-7.1448099E+001,-3.9569776E+000, 0.0000000E+000, 0.0000000E+000, 0.0000000E+000,-8.0193140E+001,-7.6301996E+001, 0.0000000E+000, 0.0000000E+000, 0.0000000E+000
 3.2083069E+001, 0.0000000E+000,-8.0858523E-001,-6.8101443E+001,-3.4375485E+000, 0.0000000E+000, 0.0000000E+000, 0.0000000E+000,-7.6796617E+001,-7.2347577E+001, 0.0000000E+000, 0.0000000E+000, 0.0000000E+000
 3.2625160E+001, 0.0000000E+000,-7.2457984E-001,-6.4770156E+001,-2.8280289E+000,-1.1521520E-016, 0.0000000E+000, 0.0000000E+000,-7.3296326E+001,-6.8322765E+001, 0.0000000E+000, 0.0000000E+000, 0.0000000E+000
 3.3191898E+001, 0.0000000E+000,-7.9904738E-001,-6.1765514E+001,-3.3215511E+000, 1.1256554E-016, 0.0000000E+000, 0.0000000E+000,-6.9719697E+001,-6.5886113E+001, 0.0000000E+000, 0.0000000E+000, 0.0000000E+000
 3.3758636E+001, 0.0000000E+000,-7.1956555E-001,-5.8907809E+001,-2.9251339E+000, 1.1094306E-016, 0.0000000E+000, 0.0000000E+000,-6.6701564E+001,-6.2552508E+001, 0.0000000E+000, 0.0000000E+000, 0.0000000E+000
 3.4325371E+001, 0.0000000E+000,-6.4412191E-001,-5.5951702E+001,-2.1575643E+000,-1.1160691E-027, 0.0000000E+000, 0.0000000E+000,-6.3521546E+001,-5.8753389E+001, 0.0000000E+000, 0.0000000E+000, 0.0000000E+000
 3.4892109E+001, 0.0000000E+000,-7.1529504E-001,-5.3322948E+001,-1.7142381E+000, 2.1267365E-016, 0.0000000E+000, 0.0000000E+000,-6.0485710E+001,-5.5752481E+001, 0.0000000E+000, 0.0000000E+000, 0.0000000E+000
 3.5458847E+001, 0.0000000E+000,-6.4698244E-001,-5.0647812E+001,-1.5992874E+000, 1.0501471E-016, 0.0000000E+000, 0.0000000E+000,-5.7766115E+001,-5.2894082E+001, 0.0000000E+000, 0.0000000E+000, 0.0000000E+000
 3.6025581E+001, 0.0000000E+000,-5.8209397E-001,-4.8520162E+001,-9.7564437E-001,-1.0390334E-016, 0.0000000E+000, 0.0000000E+000,-5.5018319E+001,-5.0077901E+001, 0.0000000E+000, 0.0000000E+000, 0.0000000E+000
 3.6592319E+001, 0.0000000E+000,-6.5051279E-001,-4.6378203E+001,-1.0682722E+000, 0.0000000E+000, 0.0000000E+000, 0.0000000E+000,-5.2732641E+001,-4.8096988E+001, 0.0000000E+000, 0.0000000E+000, 0.0000000E+000
 3.7159054E+001, 0.0000000E+000,-5.9082057E-001,-4.4516081E+001,-9.9464977E-001, 1.0000364E-016, 0.0000000E+000, 0.0000000E+000,-5.0768975E+001,-4.6101551E+001, 0.0000000E+000, 0.0000000E+000, 0.0000000E+000
 3.7725792E+001, 0.0000000E+000,-5.3337428E-001,-4.2669614E+001,-9.3914779E-001, 0.0000000E+000, 0.0000000E+000, 0.0000000E+000,-4.8948797E+001,-4.4142136E+001, 0.0000000E+000, 0.0000000E+000, 0.0000000E+000
 3.8292530E+001, 0.0000000E+000,-5.9510074E-001,-4.0767819E+001,-1.0701953E+000, 0.0000000E+000, 0.0000000E+000, 0.0000000E+000,-4.6946826E+001,-4.2433115E+001, 0.0000000E+000, 0.0000000E+000, 0.0000000E+000
 3.8859264E+001, 0.0000000E+000,-5.4218027E-001,-3.8977366E+001,-1.0012143E+000,-1.9028615E-016, 0.0000000E+000, 0.0000000E+000,-4.5202890E+001,-4.0520761E+001, 0.0000000E+000, 0.0000000E+000, 0.0000000E+000
 3.9426003E+001, 0.0000000E+000,-4.9148262E-001,-3.7080884E+001,-8.8551329E-001,-9.3297930E-017, 0.0000000E+000, 0.0000000E+000,-4.3372755E+001,-3.8457880E+001, 0.0000000E+000, 0.0000000E+000, 0.0000000E+000
 3.9992741E+001, 0.0000000E+000,-5.4331954E-001,-3.4497227E+001,-8.7980099E-001, 9.1563950E-017, 0.0000000E+000, 0.0000000E+000,-4.1028527E+001,-3.5920348E+001, 0.0000000E+000, 0.0000000E+000, 0.0000000E+000
 4.0559475E+001, 0.0000000E+000,-4.9881174E-001,-3.1430306E+001,-8.0942200E-001, 9.0354684E-017, 0.0000000E+000, 0.0000000E+000,-3.8207427E+001,-3.2738539E+001, 0.0000000E+000, 0.0000000E+000, 0.0000000E+000
 4.1126213E+001, 0.0000000E+000,-4.5821610E-001,-2.8373938E+001,-8.0928526E-001, 0.0000000E+000, 0.0000000E+000, 0.0000000E+000,-3.4939647E+001,-2.9641440E+001, 0.0000000E+000, 0.0000000E+000, 0.0000000E+000
 4.1692947E+001, 0.0000000E+000,-5.0030044E-001,-2.5416520E+001,-7.3712067E-001,-8.5813195E-017, 0.0000000E+000, 0.0000000E+000,-3.1769827E+001,-2.6653941E+001, 0.0000000E+000, 0.0000000E+000, 0.0000000E+000
 4.2259686E+001, 0.0000000E+000,-4.6679085E-001,-2.2672924E+001,-8.0917241E-001, 8.4235180E-017, 0.0000000E+000, 0.0000000E+000,-2.8973552E+001,-2.3948887E+001, 0.0000000E+000, 0.0000000E+000, 0.0000000E+000
 4.2826424E+001, 0.0000000E+000,-4.3637865E-001,-2.0569060E+001,-7.1615463E-001,-8.2685078E-017, 0.0000000E+000, 0.0000000E+000,-2.6348232E+001,-2.1721594E+001, 0.0000000E+000, 0.0000000E+000, 0.0000000E+000
 4.3393158E+001, 0.0000000E+000,-4.7814636E-001,-1.8547792E+001,-6.5619619E-001, 8.1040246E-017, 0.0000000E+000, 0.0000000E+000,-2.4252239E+001,-1.9682134E+001, 0.0000000E+000, 0.0000000E+000, 0.0000000E+000
 4.3959896E+001, 0.0000000E+000,-4.5230687E-001,-1.6856683E+001,-6.4492142E-001, 0.0000000E+000, 0.0000000E+000, 0.0000000E+000,-2.2440307E+001,-1.7953911E+001, 0.0000000E+000, 0.0000000E+000, 0.0000000E+000
 4.4526634E+001, 0.0000000E+000,-4.2833070E-001,-1.5424619E+001,-6.2742617E-001, 7.8050888E-017, 0.0000000E+000, 0.0000000E+000,-2.0842734E+001,-1.6480376E+001, 0.0000000E+000, 0.0000000E+000, 0.0000000E+000
 4.5093369E+001, 0.0000000E+000,-4.6640501E-001,-1.4175728E+001,-5.7945023E-001, 0.0000000E+000, 0.0000000E+000, 0.0000000E+000,-1.9475136E+001,-1.5221583E+001, 0.0000000E+000, 0.0000000E+000, 0.0000000E+000
 4.5660107E+001, 0.0000000E+000,-4.4533288E-001,-1.3103137E+001,-5.4146318E-001, 7.3910290E-017, 0.0000000E+000, 0.0000000E+000,-1.8340026E+001,-1.4089934E+001, 0.0000000E+000, 0.0000000E+000, 0.0000000E+000
 4.6226841E+001, 0.0000000E+000,-4.2542692E-001,-1.2168722E+001,-5.3490903E-001,-1.4505112E-016, 0.0000000E+000, 0.0000000E+000,-1.7334660E+001,-1.3129058E+001, 0.0000000E+000, 0.0000000E+000, 0.0000000E+000
 4.6793579E+001, 0.0000000E+000,-4.5659783E-001,-1.1347930E+001,-5.3733283E-001,-7.0863678E-017, 0.0000000E+000, 0.0000000E+000,-1.6453342E+001,-1.2341860E+001, 0.0000000E+000, 0.0000000E+000, 0.0000000E+000
 4.7360317E+001, 0.0000000E+000,-4.3854925E-001,-1.0614381E+001,-5.0731456E-001, 0.0000000E+000, 0.0000000E+000, 0.0000000E+000,-1.5729096E+001,-1.1560245E+001, 0.0000000E+000, 0.0000000E+000, 0.0000000E+000
 4.7927052E+001, 0.0000000E+000,-4.2131401E-001,-9.9624047E+000,-4.7851340E-001, 0.0000000E+000, 0.0000000E+000, 0.0000000E+000,-1.5026040E+001,-1.0862232E+001, 0.0000000E+000, 0.0000000E+000, 0.0000000E+000
 4.8493790E+001, 0.0000000E+000,-4.4464012E-001,-9.3840254E+000,-4.6187047E-001, 6.6410735E-017, 0.0000000E+000, 0.0000000E+000,-1.4400909E+001,-1.0290536E+001, 0.0000000E+000, 0.0000000E+000, 0.0000000E+000
 4.9060528E+001, 0.0000000E+000,-4.2872978E-001,-8.8507752E+000,-4.5832778E-001,-1.2999335E-016, 0.0000000E+000, 0.0000000E+000,-1.3878545E+001,-9.7378328E+000, 0.0000000E+000, 0.0000000E+000, 0.0000000E+000
 4.9627262E+001, 0.0000000E+000,-4.1340397E-001,-8.3859640E+000,-4.2257180E-001,-3.2527409E-028, 0.0000000E+000, 0.0000000E+000,-1.3372346E+001,-9.2219398E+000, 0.0000000E+000, 0.0000000E+000, 0.0000000E+000
 5.0194000E+001, 0.0000000E+000,-4.2927546E-001,-7.9602074E+000,-4.1931948E-001,-6.2160073E-017, 0.0000000E+000, 0.0000000E+000,-1.2932714E+001,-8.8088023E+000, 0.0000000E+000, 0.0000000E+000, 0.0000000E+000
 5.0760735E+001, 0.0000000E+000,-4.1490798E-001,-7.5752734E+000,-4.0432262E-001,-9.7005699E-022, 0.0000000E+000, 0.0000000E+000,-1.2541613E+001,-8.3945040E+000, 0.0000000E+000, 0.0000000E+000, 0.0000000E+000
 5.1327473E+001, 0.0000000E+000,-4.0097238E-001,-7.2174901E+000,-4.1207233E-001, 5.9395470E-017, 0.0000000E+000, 0.0000000E+000,-1.2167216E+001,-8.0305348E+000, 0.0000000E+000, 0.0000000E+000, 0.0000000E+000
 5.1894211E+001, 0.0000000E+000,-4.1507623E-001,-6.8897928E+000,-3.7195424E-001,-5.8181361E-017, 0.0000000E+000, 0.0000000E+000,-1.1818363E+001,-7.6768232E+000, 0.0000000E+000, 0.0000000E+000, 0.0000000E+000
 5.2460945E+001, 0.0000000E+000,-4.0188108E-001,-6.6031060E+000,-3.4012130E-001,-5.7014940E-017, 0.0000000E+000, 0.0000000E+000,-1.1524738E+001,-7.3451084E+000, 0.0000000E+000, 0.0000000E+000, 0.0000000E+000
 5.3027683E+001, 0.0000000E+000,-3.8899274E-001,-6.3400136E+000,-3.6854246E-001, 0.0000000E+000, 0.0000000E+000, 0.0000000E+000,-1.1258629E+001,-7.0975488E+000, 0.0000000E+000, 0.0000000E+000, 0.0000000E+000
 5.3594421E+001, 0.0000000E+000,-4.0211623E-001,-6.1044157E+000,-3.6292688E-001, 0.0000000E+000, 0.0000000E+000, 0.0000000E+000,-1.1030770E+001,-6.8694588E+000, 0.0000000E+000, 0.0000000E+000, 0.0000000E+000
 5.4161156E+001, 0.0000000E+000,-3.8973159E-001,-5.8795606E+000,-3.6784730E-001,-5.3293583E-017, 0.0000000E+000, 0.0000000E+000,-1.0821442E+001,-6.6371395E+000, 0.0000000E+000, 0.0000000E+000, 0.0000000E+000
 5.4727894E+001, 0.0000000E+000,-3.7759640E-001,-5.6693663E+000,-3.5783920E-001,-2.6821814E-028, 0.0000000E+000, 0.0000000E+000,-1.0604979E+001,-6.4048019E+000, 0.0000000E+000, 0.0000000E+000, 0.0000000E+000
 5.5294628E+001, 0.0000000E+000,-3.8990101E-001,-5.4768306E+000,-3.0947166E-001, 1.0295571E-016, 0.0000000E+000, 0.0000000E+000,-1.0378535E+001,-6.1762033E+000, 0.0000000E+000, 0.0000000E+000, 0.0000000E+000
 5.5861366E+001, 0.0000000E+000,-3.7820900E-001,-5.2820392E+000,-3.3749307E-001,-5.0218289E-017, 0.0000000E+000, 0.0000000E+000,-1.0220091E+001,-5.9977413E+000, 0.0000000E+000, 0.0000000E+000, 0.0000000E+000
 5.6428104E+001, 0.0000000E+000,-3.6670876E-001,-5.1087604E+000,-3.2252330E-001, 4.9279310E-017, 0.0000000E+000, 0.0000000E+000,-1.0053698E+001,-5.7979924E+000, 0.0000000E+000, 0.0000000E+000, 0.0000000E+000
 5.6994839E+001, 0.0000000E+000,-3.7717634E-001,-4.9455896E+000,-2.8965913E-001,-3.8662196E-022, 0.0000000E+000, 0.0000000E+000,-9.8861924E+000,-5.6124251E+000, 0.0000000E+000, 0.0000000E+000, 0.0000000E+000
 5.7561577E+001, 0.0000000E+000,-3.6603207E-001,-4.7867894E+000,-2.8569490E-001,-4.7416382E-017, 0.0000000E+000, 0.0000000E+000,-9.7444629E+000,-5.4385164E+000, 0.0000000E+000, 0.0000000E+000, 0.0000000E+000
 5.8128311E+001, 0.0000000E+000,-3.5504660E-001,-4.6396622E+000,-2.6868738E-001, 3.7268542E-022, 0.0000000E+000, 0.0000000E+000,-9.6065560E+000,-5.2633962E+000, 0.0000000E+000, 0.0000000E+000, 0.0000000E+000
 5.8695049E+001, 0.0000000E+000,-3.6322087E-001,-4.4983318E+000,-2.6232571E-001, 0.0000000E+000, 0.0000000E+000, 0.0000000E+000,-9.4814943E+000,-5.1238784E+000, 0.0000000E+000, 0.0000000E+000, 0.0000000E+000
 5.9261787E+001, 0.0000000E+000,-3.5250244E-001,-4.3692094E+000,-2.5126300E-001, 9.0097705E-017, 0.0000000E+000, 0.0000000E+000,-9.3746282E+000,-4.9729748E+000, 0.0000000E+000, 0.0000000E+000, 0.0000000E+000
 5.9828522E+001, 0.0000000E+000,-3.4190387E-001,-4.2474377E+000,-2.4692917E-001, 0.0000000E+000, 0.0000000E+000, 0.0000000E+000,-9.2705686E+000,-4.8362707E+000, 0.0000000E+000, 0.0000000E+000, 0.0000000E+000
 6.0395260E+001, 0.0000000E+000,-3.5029202E-001,-4.1322673E+000,-2.1656006E-001, 0.0000000E+000, 0.0000000E+000, 0.0000000E+000,-9.1569071E+000,-4.6991194E+000, 0.0000000E+000, 0.0000000E+000, 0.0000000E+000
 6.0961998E+001, 0.0000000E+000,-3.3993053E-001,-4.0203006E+000,-2.1117201E-001,-4.3017799E-017, 0.0000000E+000, 0.0000000E+000,-9.0644789E+000,-4.5714031E+000, 0.0000000E+000, 0.0000000E+000, 0.0000000E+000
 6.1528732E+001, 0.0000000E+000,-3.2967618E-001,-3.9140885E+000,-2.0335314E-001, 4.2424249E-017, 0.0000000E+000, 0.0000000E+000,-8.9713449E+000,-4.4471178E+000, 0.0000000E+000, 0.0000000E+000, 0.0000000E+000
 6.2095470E+001, 0.0000000E+000,-3.3850191E-001,-3.8089858E+000,-1.9129546E-001, 4.1849215E-017, 0.0000000E+000, 0.0000000E+000,-8.8792002E+000,-4.3387832E+000, 0.0000000E+000, 0.0000000E+000, 0.0000000E+000
 6.2662205E+001, 0.0000000E+000,-3.2842404E-001,-3.7129307E+000,-1.9861946E-001, 0.0000000E+000, 0.0000000E+000, 0.0000000E+000,-8.8180035E+000,-4.2399742E+000, 0.0000000E+000, 0.0000000E+000, 0.0000000E+000
 6.3228943E+001, 0.0000000E+000,-3.1843662E-001,-3.6198980E+000,-1.7072297E-001,-8.1693389E-017, 0.0000000E+000, 0.0000000E+000,-8.7393546E+000,-4.1090576E+000, 0.0000000E+000, 0.0000000E+000, 0.0000000E+000
 6.3795681E+001, 0.0000000E+000,-3.2756260E-001,-3.5330233E+000,-1.6146378E-001,-4.0390998E-017, 0.0000000E+000, 0.0000000E+000,-8.6523678E+000,-4.0220497E+000, 0.0000000E+000, 0.0000000E+000, 0.0000000E+000
 6.4362419E+001, 0.0000000E+000,-3.1774426E-001,-3.4535278E+000,-1.4848951E-001,-3.9941749E-017, 0.0000000E+000, 0.0000000E+000,-8.5922826E+000,-3.9197616E+000, 0.0000000E+000, 0.0000000E+000, 0.0000000E+000
 6.4929153E+001, 0.0000000E+000,-3.0801776E-001,-3.3791010E+000,-1.3415498E-001, 0.0000000E+000, 0.0000000E+000, 0.0000000E+000,-8.5123236E+000,-3.8212737E+000, 0.0000000E+000, 0.0000000E+000, 0.0000000E+000
 6.5495888E+001, 0.0000000E+000,-3.1628206E-001,-3.3056218E+000,-1.3220369E-001, 0.0000000E+000, 0.0000000E+000, 0.0000000E+000,-8.4438135E+000,-3.7541075E+000, 0.0000000E+000, 0.0000000E+000, 0.0000000E+000
 6.6062630E+001, 0.0000000E+000,-3.0668681E-001,-3.2342341E+000,-1.2589373E-001, 3.8791475E-017, 0.0000000E+000, 0.0000000E+000,-8.3981762E+000,-3.6668146E+000, 0.0000000E+000, 0.0000000E+000, 0.0000000E+000
 6.6629364E+001, 0.0000000E+000,-2.9716043E-001,-3.1689593E+000,-1.2181839E-001, 3.8445212E-017, 0.0000000E+000, 0.0000000E+000,-8.3382454E+000,-3.5879382E+000, 0.0000000E+000, 0.0000000E+000, 0.0000000E+000
 6.7196098E+001, 0.0000000E+000,-3.0394986E-001,-3.1086624E+000,-1.1166822E-001, 3.8129470E-017, 0.0000000E+000, 0.0000000E+000,-8.2726329E+000,-3.5242804E+000, 0.0000000E+000, 0.0000000E+000, 0.0000000E+000
 6.7762840E+001, 0.0000000E+000,-2.9454969E-001,-3.0413618E+000,-1.0463719E-001, 3.7812311E-017, 0.0000000E+000, 0.0000000E+000,-8.2283888E+000,-3.4405487E+000, 0.0000000E+000, 0.0000000E+000, 0.0000000E+000
 6.8329575E+001, 0.0000000E+000,-2.8520764E-001,-2.9822029E+000,-9.8236873E-002, 3.7531559E-017, 0.0000000E+000, 0.0000000E+000,-8.1778027E+000,-3.3656474E+000, 0.0000000E+000, 0.0000000E+000, 0.0000000E+000
 6.8896309E+001, 0.0000000E+000,-2.9252291E-001,-2.9267842E+000,-9.3866097E-002, 0.0000000E+000, 0.0000000E+000, 0.0000000E+000,-8.1201132E+000,-3.3131732E+000, 0.0000000E+000, 0.0000000E+000, 0.0000000E+000
 6.9463043E+001, 0.0000000E+000,-2.8328165E-001,-2.8711570E+000,-9.3891931E-002, 0.0000000E+000, 0.0000000E+000, 0.0000000E+000,-8.0900753E+000,-3.2483306E+000, 0.0000000E+000, 0.0000000E+000, 0.0000000E+000
 7.0000000E+001, 0.0000000E+000,-2.7457114E-001,-2.8287048E+000,-8.7376096E-002, 3.6733185E-017, 0.0000000E+000, 0.0000000E+000,-8.0486532E+000,-3.1906520E+000, 0.0000000E+000, 0.0000000E+000, 0.0000000E+000
